epoch,time,train/box_loss,train/cls_loss,train/dfl_loss,metrics/precision(B),metrics/recall(B),metrics/mAP50(B),metrics/mAP50-95(B),val/box_loss,val/cls_loss,val/dfl_loss,lr/pg0,lr/pg1,lr/pg2
1,17.2974,3.18115,4.18072,2.96142,0.00136,0.25,0.04458,0.00542,3.88518,6.69928,3.90785,1.111e-05,1.111e-05,1.111e-05
2,32.5237,3.14141,4.09586,2.96581,0.00141,0.20833,0.04225,0.00632,4.19319,6.61693,4.17007,3.16802e-05,3.16802e-05,3.16802e-05
